review_id,product_name,brand,category,rating,price,review_title,review_text,review_date
R0001,Instant Vortex Plus,Instant,Air Fryer,2,119.99,Inconsistent experience,"I expected better quality and reliability for the price. The product worked well at first, but repeated use exposed some issues. Customer support took too long to respond.",2025-03-01
R0002,Shark Cordless Detect Pro,Shark,Vacuum,5,349.99,Very happy with it,I would recommend this product for everyday use. The product performs very well and feels reliable. Performance drops when the dust bin gets full. The filter is easy to rinse and reinstall. The vacuum is easy to steer around furniture.,2025-02-18
R0003,Instant Vortex Plus,Instant,Air Fryer,5,119.99,Reliable and useful,I would recommend this product for everyday use. The product performs very well and feels reliable. The warranty process was confusing. The unit feels solid and reliable.,2025-03-21
R0004,Ninja Specialty Coffee Maker,Ninja,Coffee Maker,5,169.99,Reliable and useful,I would recommend this product for everyday use. The product performs very well and feels reliable. The machine takes up more counter space than expected. Performance declined after a few months.,2025-01-13
R0005,Shark Navigator Lift-Away,Shark,Vacuum,3,219.99,Good but not perfect,"It is decent, but the value depends on what features matter most. There are some useful parts, but also a few noticeable frustrations. The warranty process was confusing. It feels sturdy and well built.",2025-05-25
R0006,Shark Navigator Lift-Away,Shark,Vacuum,3,219.99,Good but not perfect,"It is decent, but the value depends on what features matter most. There are some useful parts, but also a few noticeable frustrations. It needs charging more often than expected. The suction is strong on carpet and pet hair. The hose connection feels less durable than expected.",2025-07-19
R0007,Dyson V8 Cordless Vacuum,Dyson,Vacuum,1,469.99,Disappointed,The product did not meet my expectations after regular use. I had repeated issues and would not recommend it without improvements. It struggles with larger debris and needs multiple passes. The handle design makes it easy to maneuver. A plastic part cracked after repeated use.,2025-05-20
R0008,Dyson V8 Cordless Vacuum,Dyson,Vacuum,3,469.99,Decent but mixed,"It is decent, but the value depends on what features matter most. The product works, but I expected a smoother experience. It struggles with larger debris and needs multiple passes. The handle design makes it easy to maneuver. The dust bin is annoying to empty.",2025-01-14
R0009,Cosori Pro Air Fryer,Cosori,Air Fryer,3,109.99,Good but not perfect,"There are some useful parts, but also a few noticeable frustrations. It is decent, but the value depends on what features matter most. It is quieter than some other air fryers I have tried.",2025-07-01
R0010,Ninja Blender Pro,Ninja,Blender,2,99.99,Expected better,"The product has potential, but the experience was inconsistent. I expected better quality and reliability for the price. Customer support took too long to respond. The motor is powerful for smoothies and sauces. The container started leaking from the bottom.",2025-01-05
R0011,Instant Vortex Plus,Instant,Air Fryer,3,119.99,Useful but has drawbacks,"The product works, but I expected a smoother experience. It is decent, but the value depends on what features matter most. The unit feels solid and reliable.",2025-06-29
R0012,Shark Cordless Detect Pro,Shark,Vacuum,2,349.99,Quality concern,"The product worked well at first, but repeated use exposed some issues. I expected better quality and reliability for the price. It feels sturdy and well built.",2025-05-05
R0013,Keurig K-Elite,Keurig,Coffee Maker,1,189.99,Disappointed,Reliability and support were disappointing. I had repeated issues and would not recommend it without improvements. I expected better build quality at this price. The machine is louder than expected while brewing. Descaling takes longer than expected.,2025-01-10
R0014,Cosori Pro Air Fryer,Cosori,Air Fryer,3,109.99,Useful but has drawbacks,"The product works, but I expected a smoother experience. There are some useful parts, but also a few noticeable frustrations. There was no noticeable odor after washing the basket. Customer support took too long to respond.",2025-07-12
R0015,Hamilton Beach Blender,Hamilton Beach,Blender,4,49.99,Good product overall,"The product works well and feels useful for daily routines. Performance is strong overall, but there is one minor issue that could be improved. It blends frozen fruit smoothly without stalling. The blades still feel sharp after repeated use.",2025-02-15
R0016,Vitamix Explorian,Vitamix,Blender,3,379.99,Good but not perfect,"It is decent, but the value depends on what features matter most. The product works, but I expected a smoother experience. It blends frozen fruit smoothly without stalling. Cleanup is simple if washed immediately.",2025-07-16
R0017,Ninja Specialty Coffee Maker,Ninja,Coffee Maker,1,169.99,Would not recommend,Reliability and support were disappointing. I had repeated issues and would not recommend it without improvements. I expected better build quality at this price. Coffee grounds are easy to dispose of. The pump sound is noticeable.,2025-08-10
R0018,Keurig K-Elite,Keurig,Coffee Maker,4,189.99,Works well with minor flaws,"The product works well and feels useful for daily routines. Performance is strong overall, but there is one minor issue that could be improved. The water tank is easy to refill. I expected better build quality at this price.",2025-08-06
R0019,Keurig K-Elite,Keurig,Coffee Maker,3,189.99,Good but not perfect,"It is decent, but the value depends on what features matter most. There are some useful parts, but also a few noticeable frustrations. Performance declined after a few months. The features justify the price for my routine.",2025-07-29
R0020,Instant Vortex Plus,Instant,Air Fryer,5,119.99,Excellent performance,Setup was simple and the results were consistent. I would recommend this product for everyday use. Noise is noticeable but not distracting. Grease gets stuck around the tray edges.,2025-01-22
R0021,Ninja Air Fryer Max XL,Ninja,Air Fryer,5,129.99,Very happy with it,The product performs very well and feels reliable. I would recommend this product for everyday use. The removable parts make cleanup simple. The price feels reasonable for the capacity.,2025-05-15
R0022,Shark Navigator Lift-Away,Shark,Vacuum,4,219.99,Strong performance with one issue,"Performance is strong overall, but there is one minor issue that could be improved. I like the product, although a few details could be better. Battery life is shorter than advertised in boost mode.",2025-08-24
R0023,Instant Vortex Plus,Instant,Air Fryer,2,119.99,Expected better,"I expected better quality and reliability for the price. The product has potential, but the experience was inconsistent. Customer support took too long to respond. The smell went away after a week.",2025-07-25
R0024,Ninja Blender Pro,Ninja,Blender,4,99.99,Good product overall,"I like the product, although a few details could be better. The product works well and feels useful for daily routines. The motor noise is very noticeable.",2025-01-15
R0025,Ninja DualZone Air Fryer,Ninja,Air Fryer,5,199.99,Very happy with it,The product performs very well and feels reliable. Setup was simple and the results were consistent. It is quieter than some other air fryers I have tried.,2025-07-31
R0026,Shark Navigator Lift-Away,Shark,Vacuum,5,219.99,Excellent performance,Setup was simple and the results were consistent. I would recommend this product for everyday use. It was difficult to get a clear answer about replacement parts. Noise is acceptable but could be quieter. The cordless runtime is convenient for quick cleaning.,2025-05-19
R0027,Cosori Pro Air Fryer,Cosori,Air Fryer,5,109.99,Very happy with it,"The product performs very well and feels reliable. Setup was simple and the results were consistent. Grease gets stuck around the tray edges. Cooking performance is fast, but some foods brown unevenly.",2025-07-12
R0028,Shark Cordless Detect Pro,Shark,Vacuum,4,349.99,Good product overall,"Performance is strong overall, but there is one minor issue that could be improved. The product works well and feels useful for daily routines. The high-power setting is very loud. Performance drops when the dust bin gets full.",2025-07-25
R0029,Instant Vortex Plus,Instant,Air Fryer,3,119.99,Good but not perfect,"There are some useful parts, but also a few noticeable frustrations. It is decent, but the value depends on what features matter most. The presets are useful but not always accurate. It is quieter than some other air fryers I have tried.",2025-06-11
R0030,Ninja Blender Pro,Ninja,Blender,1,99.99,Would not recommend,Reliability and support were disappointing. The product did not meet my expectations after regular use. It is louder than expected during blending. The container started leaking from the bottom.,2025-01-30
R0031,Instant Vortex Plus,Instant,Air Fryer,5,119.99,Excellent performance,The product performs very well and feels reliable. Setup was simple and the results were consistent. The basket handle feels less sturdy than expected. Preheating is quick and the results are consistent.,2025-05-18
R0032,Cosori Pro Air Fryer,Cosori,Air Fryer,4,109.99,Strong performance with one issue,"The product works well and feels useful for daily routines. I like the product, although a few details could be better. The unit feels solid and reliable. The presets are useful but not always accurate. The removable parts make cleanup simple.",2025-07-19
R0033,Keurig K-Elite,Keurig,Coffee Maker,2,189.99,Quality concern,"The product worked well at first, but repeated use exposed some issues. I expected better quality and reliability for the price. It is a good value for daily coffee drinkers. The machine brews quickly in the morning.",2025-04-01
R0034,Bissell CleanView Swivel,Bissell,Vacuum,4,129.99,Good product overall,"Performance is strong overall, but there is one minor issue that could be improved. I like the product, although a few details could be better. The warranty process was confusing. The motor noise is noticeable in a small apartment.",2025-01-12
R0035,Ninja Blender Pro,Ninja,Blender,4,99.99,Good product overall,"I like the product, although a few details could be better. Performance is strong overall, but there is one minor issue that could be improved. The jar is heavy when full. Support resolved the issue quickly.",2025-02-03
R0036,Ninja DualZone Air Fryer,Ninja,Air Fryer,3,199.99,Useful but has drawbacks,"There are some useful parts, but also a few noticeable frustrations. It is decent, but the value depends on what features matter most. Cooking performance is fast, but some foods brown unevenly.",2025-04-24
R0037,Ninja Specialty Coffee Maker,Ninja,Coffee Maker,3,169.99,Decent but mixed,"The product works, but I expected a smoother experience. There are some useful parts, but also a few noticeable frustrations. The lid hinge feels flimsy.",2025-01-31
R0038,Bissell CleanView Swivel,Bissell,Vacuum,2,129.99,Inconsistent experience,"The product worked well at first, but repeated use exposed some issues. I expected better quality and reliability for the price. The attachments are useful but awkward to store. The motor noise is noticeable in a small apartment. It is a good value for the cleaning performance.",2025-07-10
R0039,Keurig K-Elite,Keurig,Coffee Maker,4,189.99,Works well with minor flaws,"Performance is strong overall, but there is one minor issue that could be improved. The product works well and feels useful for daily routines. Temperature consistency could be better.",2025-06-10
R0040,Shark Navigator Lift-Away,Shark,Vacuum,5,219.99,Reliable and useful,The product performs very well and feels reliable. I would recommend this product for everyday use. The filter is easy to rinse and reinstall. Performance drops when the dust bin gets full. The handle design makes it easy to maneuver.,2025-07-05
R0041,Shark Navigator Lift-Away,Shark,Vacuum,5,219.99,Reliable and useful,The product performs very well and feels reliable. I would recommend this product for everyday use. Battery performance is strong for small rooms but weak for whole-home cleaning. It feels heavy after using it for a while.,2025-04-26
R0042,Vitamix Explorian,Vitamix,Blender,3,379.99,Good but not perfect,"It is decent, but the value depends on what features matter most. The product works, but I expected a smoother experience. The jar is easy to rinse after smoothies. The motor noise is very noticeable. The lid cracked after a few weeks.",2025-06-14
R0043,Ninja DualZone Air Fryer,Ninja,Air Fryer,1,199.99,Disappointed,Reliability and support were disappointing. The product did not meet my expectations after regular use. The smell went away after a week. The fan is louder than expected.,2025-01-05
R0044,Ninja DualZone Air Fryer,Ninja,Air Fryer,2,199.99,Expected better,"The product has potential, but the experience was inconsistent. I expected better quality and reliability for the price. It offers good value for frequent cooking. A burning smell appeared during longer use.",2025-04-05
R0045,Shark Cordless Detect Pro,Shark,Vacuum,1,349.99,Reliability problem,I had repeated issues and would not recommend it without improvements. The product did not meet my expectations after regular use. The warranty process was confusing. A plastic part cracked after repeated use.,2025-07-27
R0046,Ninja Specialty Coffee Maker,Ninja,Coffee Maker,2,169.99,Expected better,"The product has potential, but the experience was inconsistent. The product worked well at first, but repeated use exposed some issues. The features justify the price for my routine. The machine takes up more counter space than expected. Customer support took too long to respond.",2025-02-24
R0047,Instant Vortex Plus,Instant,Air Fryer,4,119.99,Strong performance with one issue,"Performance is strong overall, but there is one minor issue that could be improved. The product works well and feels useful for daily routines. The warranty process was confusing.",2025-01-29
R0048,Vitamix Explorian,Vitamix,Blender,2,379.99,Expected better,"I expected better quality and reliability for the price. The product worked well at first, but repeated use exposed some issues. The blades still feel sharp after repeated use. Support resolved the issue quickly.",2025-06-25
R0049,Dyson V8 Cordless Vacuum,Dyson,Vacuum,1,469.99,Reliability problem,I had repeated issues and would not recommend it without improvements. Reliability and support were disappointing. It needs charging more often than expected. The warranty process was confusing.,2025-08-22
R0050,Hamilton Beach Blender,Hamilton Beach,Blender,4,49.99,Good product overall,"I like the product, although a few details could be better. The product works well and feels useful for daily routines. The warranty instructions were hard to follow.",2025-06-23
R0051,Dyson V8 Cordless Vacuum,Dyson,Vacuum,4,469.99,Strong performance with one issue,"Performance is strong overall, but there is one minor issue that could be improved. I like the product, although a few details could be better. Noise is acceptable but could be quieter. The handle design makes it easy to maneuver.",2025-09-03
R0052,Ninja DualZone Air Fryer,Ninja,Air Fryer,5,199.99,Excellent performance,The product performs very well and feels reliable. Setup was simple and the results were consistent. It is quieter than some other air fryers I have tried. Food comes out crispy and evenly cooked.,2025-07-16
R0053,Ninja Air Fryer Max XL,Ninja,Air Fryer,4,129.99,Strong performance with one issue,"I like the product, although a few details could be better. The product works well and feels useful for daily routines. The display is easy to read. I expected better quality at this price. The warranty process was confusing.",2025-03-24
R0054,Shark Cordless Detect Pro,Shark,Vacuum,1,349.99,Disappointed,I had repeated issues and would not recommend it without improvements. The product did not meet my expectations after regular use. It feels sturdy and well built. The warranty process was confusing. Hair gets tangled in the brush roll and takes time to remove.,2025-03-12
R0055,Ninja Foodi Power Blender,Ninja,Blender,3,149.99,Useful but has drawbacks,"The product works, but I expected a smoother experience. There are some useful parts, but also a few noticeable frustrations. The motor is powerful for smoothies and sauces.",2025-08-30
R0056,Ninja Specialty Coffee Maker,Ninja,Coffee Maker,3,169.99,Decent but mixed,"The product works, but I expected a smoother experience. It is decent, but the value depends on what features matter most. I expected better build quality at this price. The controls are simple and intuitive. Temperature consistency could be better.",2025-06-05
R0057,Keurig K-Elite,Keurig,Coffee Maker,3,189.99,Good but not perfect,"The product works, but I expected a smoother experience. There are some useful parts, but also a few noticeable frustrations. The water reservoir started leaking.",2025-06-03
R0058,Hamilton Beach Blender,Hamilton Beach,Blender,5,49.99,Very happy with it,Setup was simple and the results were consistent. I would recommend this product for everyday use. The warranty instructions were hard to follow. The motor is powerful for smoothies and sauces.,2025-07-16
R0059,Shark Navigator Lift-Away,Shark,Vacuum,2,219.99,Quality concern,"I expected better quality and reliability for the price. The product has potential, but the experience was inconsistent. Hair gets tangled in the brush roll and takes time to remove. A plastic part cracked after repeated use.",2025-05-07
R0060,Instant Vortex Plus,Instant,Air Fryer,5,119.99,Excellent performance,The product performs very well and feels reliable. Setup was simple and the results were consistent. It was difficult to find replacement accessories.,2025-07-29
R0061,Vitamix Explorian,Vitamix,Blender,3,379.99,Useful but has drawbacks,"It is decent, but the value depends on what features matter most. The product works, but I expected a smoother experience. The parts are easy to remove and clean. The motor is powerful for smoothies and sauces.",2025-06-25
R0062,Shark Cordless Detect Pro,Shark,Vacuum,5,349.99,Reliable and useful,I would recommend this product for everyday use. Setup was simple and the results were consistent. The vacuum is easy to steer around furniture. Cleanup after vacuuming takes longer than expected.,2025-04-18
R0063,Cosori Pro Air Fryer,Cosori,Air Fryer,4,109.99,Good product overall,"The product works well and feels useful for daily routines. Performance is strong overall, but there is one minor issue that could be improved. The price feels reasonable for the capacity. Support handled the replacement quickly. There was a plastic smell during the first few uses.",2025-07-05
R0064,Vitamix Explorian,Vitamix,Blender,3,379.99,Useful but has drawbacks,"The product works, but I expected a smoother experience. It is decent, but the value depends on what features matter most. The controls are simple and easy to understand. Food gets stuck under the blade assembly.",2025-04-14
R0065,Shark Navigator Lift-Away,Shark,Vacuum,3,219.99,Good but not perfect,"It is decent, but the value depends on what features matter most. The product works, but I expected a smoother experience. The price feels high compared with competitors. It needs charging more often than expected.",2025-01-13
R0066,Shark Navigator Lift-Away,Shark,Vacuum,1,219.99,Disappointed,The product did not meet my expectations after regular use. Reliability and support were disappointing. It is louder than expected during normal use. The dust bin is annoying to empty.,2025-08-09
R0067,Ninja Blender Pro,Ninja,Blender,3,99.99,Decent but mixed,"It is decent, but the value depends on what features matter most. The product works, but I expected a smoother experience. Customer support took too long to respond.",2025-08-10
R0068,Ninja DualZone Air Fryer,Ninja,Air Fryer,5,199.99,Excellent performance,I would recommend this product for everyday use. The product performs very well and feels reliable. Noise is noticeable but not distracting. It offers good value for frequent cooking.,2025-03-14
R0069,Instant Vortex Plus,Instant,Air Fryer,2,119.99,Expected better,"The product worked well at first, but repeated use exposed some issues. I expected better quality and reliability for the price. The basket is bulky for a small kitchen. The air circulation sound is strong on higher settings.",2025-06-09
R0070,Dyson V8 Cordless Vacuum,Dyson,Vacuum,4,469.99,Strong performance with one issue,"The product works well and feels useful for daily routines. Performance is strong overall, but there is one minor issue that could be improved. The filter is easy to rinse and reinstall.",2025-06-22
R0071,Ninja DualZone Air Fryer,Ninja,Air Fryer,4,199.99,Works well with minor flaws,"I like the product, although a few details could be better. Performance is strong overall, but there is one minor issue that could be improved. Support handled the replacement quickly. The price feels reasonable for the capacity. There was no noticeable odor after washing the basket.",2025-02-02
R0072,Vitamix Explorian,Vitamix,Blender,5,379.99,Reliable and useful,Setup was simple and the results were consistent. The product performs very well and feels reliable. It blends frozen fruit smoothly without stalling. It is louder than expected during blending.,2025-05-28
R0073,Ninja Blender Pro,Ninja,Blender,5,99.99,Reliable and useful,I would recommend this product for everyday use. The product performs very well and feels reliable. Performance is strong for the price. The lid is secure but hard to remove.,2025-09-01
R0074,Shark Cordless Detect Pro,Shark,Vacuum,3,349.99,Good but not perfect,"There are some useful parts, but also a few noticeable frustrations. It is decent, but the value depends on what features matter most. The dust bin is annoying to empty. The attachments are useful but awkward to store. The warranty process was confusing.",2025-07-21
R0075,Shark Cordless Detect Pro,Shark,Vacuum,4,349.99,Good product overall,"The product works well and feels useful for daily routines. I like the product, although a few details could be better. Battery performance is strong for small rooms but weak for whole-home cleaning.",2025-07-07
R0076,Hamilton Beach Blender,Hamilton Beach,Blender,1,49.99,Reliability problem,The product did not meet my expectations after regular use. Reliability and support were disappointing. The replacement process was smooth. The jar is heavy when full.,2025-07-18
R0077,Ninja Foodi Power Blender,Ninja,Blender,4,149.99,Works well with minor flaws,"Performance is strong overall, but there is one minor issue that could be improved. The product works well and feels useful for daily routines. The parts are easy to remove and clean.",2025-01-28
R0078,Ninja Foodi Power Blender,Ninja,Blender,3,149.99,Useful but has drawbacks,"There are some useful parts, but also a few noticeable frustrations. It is decent, but the value depends on what features matter most. The container started leaking from the bottom. It feels overpriced compared with similar blenders.",2025-08-16
R0079,Bissell CleanView Swivel,Bissell,Vacuum,5,129.99,Very happy with it,Setup was simple and the results were consistent. I would recommend this product for everyday use. Hair gets tangled in the brush roll and takes time to remove. The vacuum is easy to steer around furniture.,2025-02-12
R0080,Hamilton Beach Blender,Hamilton Beach,Blender,3,49.99,Good but not perfect,"There are some useful parts, but also a few noticeable frustrations. It is decent, but the value depends on what features matter most. It is louder than expected during blending. Cleanup is simple if washed immediately. Support resolved the issue quickly.",2025-06-01
R0081,Keurig K-Elite,Keurig,Coffee Maker,3,189.99,Good but not perfect,"The product works, but I expected a smoother experience. There are some useful parts, but also a few noticeable frustrations. The features justify the price for my routine. Descaling takes longer than expected.",2025-08-06
R0082,Ninja Foodi Power Blender,Ninja,Blender,3,149.99,Useful but has drawbacks,"The product works, but I expected a smoother experience. It is decent, but the value depends on what features matter most. It struggles with ice unless extra liquid is added. The base feels sturdy and well built. It feels overpriced compared with similar blenders.",2025-08-21
R0083,Keurig K-Elite,Keurig,Coffee Maker,4,189.99,Strong performance with one issue,"Performance is strong overall, but there is one minor issue that could be improved. I like the product, although a few details could be better. It makes a loud sound at the end of the cycle.",2025-05-10
R0084,Vitamix Explorian,Vitamix,Blender,3,379.99,Good but not perfect,"There are some useful parts, but also a few noticeable frustrations. The product works, but I expected a smoother experience. The lid cracked after a few weeks. Performance is strong for the price. Cleanup is simple if washed immediately.",2025-06-01
R0085,Dyson V8 Cordless Vacuum,Dyson,Vacuum,2,469.99,Expected better,"The product has potential, but the experience was inconsistent. The product worked well at first, but repeated use exposed some issues. The filter is easy to rinse and reinstall. Support handled the replacement quickly.",2025-06-15
R0086,Instant Vortex Plus,Instant,Air Fryer,4,119.99,Good product overall,"Performance is strong overall, but there is one minor issue that could be improved. I like the product, although a few details could be better. The controls are simple and intuitive. The basket handle feels less sturdy than expected. Cleanup takes longer when cooking oily foods.",2025-05-11
R0087,Cosori Pro Air Fryer,Cosori,Air Fryer,1,109.99,Disappointed,I had repeated issues and would not recommend it without improvements. The product did not meet my expectations after regular use. It offers good value for frequent cooking.,2025-01-06
R0088,Shark Navigator Lift-Away,Shark,Vacuum,1,219.99,Would not recommend,I had repeated issues and would not recommend it without improvements. The product did not meet my expectations after regular use. The vacuum is easy to steer around furniture. Battery life is shorter than advertised in boost mode.,2025-02-09
R0089,Keurig K-Elite,Keurig,Coffee Maker,4,189.99,Strong performance with one issue,"The product works well and feels useful for daily routines. Performance is strong overall, but there is one minor issue that could be improved. The controls are simple and intuitive.",2025-03-02
R0090,Cosori Pro Air Fryer,Cosori,Air Fryer,5,109.99,Reliable and useful,The product performs very well and feels reliable. I would recommend this product for everyday use. Customer support took too long to respond. The basket is easy to clean after cooking.,2025-05-17
R0091,Ninja Foodi Power Blender,Ninja,Blender,1,149.99,Would not recommend,I had repeated issues and would not recommend it without improvements. Reliability and support were disappointing. The motor noise is very noticeable. The motor is powerful for smoothies and sauces.,2025-08-15
R0092,Ninja Specialty Coffee Maker,Ninja,Coffee Maker,5,169.99,Excellent performance,Setup was simple and the results were consistent. The product performs very well and feels reliable. Performance declined after a few months. The removable reservoir is easy to clean.,2025-07-18
R0093,Ninja Air Fryer Max XL,Ninja,Air Fryer,2,129.99,Expected better,"The product has potential, but the experience was inconsistent. I expected better quality and reliability for the price. It was difficult to find replacement accessories. The fan is louder than expected.",2025-06-24
R0094,Instant Vortex Plus,Instant,Air Fryer,4,119.99,Good product overall,"Performance is strong overall, but there is one minor issue that could be improved. The product works well and feels useful for daily routines. There was no noticeable odor after washing the basket. The removable parts make cleanup simple.",2025-03-28
R0095,Hamilton Beach Blender,Hamilton Beach,Blender,2,49.99,Quality concern,"I expected better quality and reliability for the price. The product worked well at first, but repeated use exposed some issues. The lid cracked after a few weeks.",2025-07-26
R0096,Cosori Pro Air Fryer,Cosori,Air Fryer,2,109.99,Quality concern,"The product worked well at first, but repeated use exposed some issues. I expected better quality and reliability for the price. Food comes out crispy and evenly cooked. The presets are useful but not always accurate.",2025-02-21
R0097,Dyson V8 Cordless Vacuum,Dyson,Vacuum,4,469.99,Strong performance with one issue,"I like the product, although a few details could be better. The product works well and feels useful for daily routines. Cleanup after vacuuming takes longer than expected.",2025-04-05
R0098,Ninja Specialty Coffee Maker,Ninja,Coffee Maker,3,169.99,Useful but has drawbacks,"The product works, but I expected a smoother experience. There are some useful parts, but also a few noticeable frustrations. Performance declined after a few months.",2025-06-16
R0099,Ninja Specialty Coffee Maker,Ninja,Coffee Maker,2,169.99,Quality concern,"The product worked well at first, but repeated use exposed some issues. The product has potential, but the experience was inconsistent. Support handled the replacement quickly.",2025-05-15
R0100,Ninja DualZone Air Fryer,Ninja,Air Fryer,5,199.99,Very happy with it,I would recommend this product for everyday use. Setup was simple and the results were consistent. The price feels reasonable for the capacity. The fan is louder than expected.,2025-05-23
R0101,Ninja Air Fryer Max XL,Ninja,Air Fryer,2,129.99,Inconsistent experience,"The product has potential, but the experience was inconsistent. The product worked well at first, but repeated use exposed some issues. The fan is louder than expected.",2025-02-14
R0102,Ninja DualZone Air Fryer,Ninja,Air Fryer,3,199.99,Decent but mixed,"There are some useful parts, but also a few noticeable frustrations. It is decent, but the value depends on what features matter most. Competitor models offer similar features for less. The basket handle feels less sturdy than expected.",2025-06-02
R0103,Cosori Pro Air Fryer,Cosori,Air Fryer,5,109.99,Very happy with it,The product performs very well and feels reliable. Setup was simple and the results were consistent. Noise is noticeable but not distracting. The controls are simple and intuitive.,2025-01-21
R0104,Shark Cordless Detect Pro,Shark,Vacuum,1,349.99,Reliability problem,I had repeated issues and would not recommend it without improvements. The product did not meet my expectations after regular use. The handle design makes it easy to maneuver. The high-power setting is very loud.,2025-02-07
R0105,Bissell CleanView Swivel,Bissell,Vacuum,4,129.99,Good product overall,"The product works well and feels useful for daily routines. Performance is strong overall, but there is one minor issue that could be improved. It struggles with larger debris and needs multiple passes. Cleanup after vacuuming takes longer than expected. The features are useful, but the price is hard to justify.",2025-04-05
R0106,Ninja Air Fryer Max XL,Ninja,Air Fryer,5,129.99,Excellent performance,I would recommend this product for everyday use. Setup was simple and the results were consistent. The display is easy to read. I expected better quality at this price.,2025-09-08
R0107,Dyson V8 Cordless Vacuum,Dyson,Vacuum,4,469.99,Strong performance with one issue,"Performance is strong overall, but there is one minor issue that could be improved. I like the product, although a few details could be better. Customer support took too long to respond. Battery life is shorter than advertised in boost mode.",2025-02-20
R0108,Ninja Specialty Coffee Maker,Ninja,Coffee Maker,3,169.99,Useful but has drawbacks,"It is decent, but the value depends on what features matter most. There are some useful parts, but also a few noticeable frustrations. The machine feels sturdy on the counter. Customer support took too long to respond.",2025-03-24
R0109,Shark Navigator Lift-Away,Shark,Vacuum,5,219.99,Very happy with it,I would recommend this product for everyday use. The product performs very well and feels reliable. The handle design makes it easy to maneuver.,2025-04-27
R0110,Vitamix Explorian,Vitamix,Blender,1,379.99,Would not recommend,Reliability and support were disappointing. I had repeated issues and would not recommend it without improvements. Customer support took too long to respond.,2025-02-02
R0111,Ninja Foodi Power Blender,Ninja,Blender,4,149.99,Works well with minor flaws,"The product works well and feels useful for daily routines. Performance is strong overall, but there is one minor issue that could be improved. The replacement process was smooth.",2025-06-15
R0112,Keurig K-Elite,Keurig,Coffee Maker,4,189.99,Strong performance with one issue,"The product works well and feels useful for daily routines. Performance is strong overall, but there is one minor issue that could be improved. Coffee grounds are easy to dispose of. The warranty process was confusing.",2025-07-04
R0113,Vitamix Explorian,Vitamix,Blender,1,379.99,Reliability problem,Reliability and support were disappointing. The product did not meet my expectations after regular use. The design fits well on the counter. It struggles with ice unless extra liquid is added.,2025-04-24
R0114,Ninja Blender Pro,Ninja,Blender,5,99.99,Very happy with it,The product performs very well and feels reliable. Setup was simple and the results were consistent. The replacement process was smooth. The jar is easy to rinse after smoothies. Noise is acceptable for a high-power blender.,2025-07-28
R0115,Shark Navigator Lift-Away,Shark,Vacuum,3,219.99,Good but not perfect,"The product works, but I expected a smoother experience. It is decent, but the value depends on what features matter most. The brush roll started making noise after a few weeks. The handle design makes it easy to maneuver. It is a good value for the cleaning performance.",2025-07-13
R0116,Ninja DualZone Air Fryer,Ninja,Air Fryer,5,199.99,Very happy with it,The product performs very well and feels reliable. Setup was simple and the results were consistent. The warranty process was confusing. The tray warped slightly after repeated use.,2025-01-24
R0117,Ninja Foodi Power Blender,Ninja,Blender,1,149.99,Disappointed,The product did not meet my expectations after regular use. I had repeated issues and would not recommend it without improvements. It struggles with ice unless extra liquid is added. I expected better durability at this price.,2025-07-16
R0118,Hamilton Beach Blender,Hamilton Beach,Blender,2,49.99,Inconsistent experience,"The product worked well at first, but repeated use exposed some issues. The product has potential, but the experience was inconsistent. It is louder than expected during blending. Cleanup is simple if washed immediately.",2025-04-14
R0119,Keurig K-Elite,Keurig,Coffee Maker,4,189.99,Strong performance with one issue,"I like the product, although a few details could be better. The product works well and feels useful for daily routines. Support handled the replacement quickly. The coffee tastes weak on the default setting. I expected better build quality at this price.",2025-09-02
R0120,Bissell CleanView Swivel,Bissell,Vacuum,4,129.99,Strong performance with one issue,"The product works well and feels useful for daily routines. I like the product, although a few details could be better. The motor noise is noticeable in a small apartment. It picks up fine dust well but misses heavier crumbs.",2025-08-20
R0121,Shark Cordless Detect Pro,Shark,Vacuum,2,349.99,Expected better,"I expected better quality and reliability for the price. The product worked well at first, but repeated use exposed some issues. Support handled the replacement quickly. It feels sturdy and well built. The attachments are useful but awkward to store.",2025-08-30
R0122,Cosori Pro Air Fryer,Cosori,Air Fryer,1,109.99,Disappointed,The product did not meet my expectations after regular use. Reliability and support were disappointing. There was no noticeable odor after washing the basket. It is quieter than some other air fryers I have tried. Support handled the replacement quickly.,2025-08-15
R0123,Ninja Air Fryer Max XL,Ninja,Air Fryer,4,129.99,Strong performance with one issue,"The product works well and feels useful for daily routines. I like the product, although a few details could be better. The presets are useful but not always accurate.",2025-07-26
R0124,Shark Cordless Detect Pro,Shark,Vacuum,2,349.99,Inconsistent experience,"I expected better quality and reliability for the price. The product has potential, but the experience was inconsistent. The high-power setting is very loud. The features are useful, but the price is hard to justify.",2025-01-22
R0125,Ninja Blender Pro,Ninja,Blender,3,99.99,Useful but has drawbacks,"There are some useful parts, but also a few noticeable frustrations. The product works, but I expected a smoother experience. The warranty instructions were hard to follow.",2025-05-09
R0126,Ninja Air Fryer Max XL,Ninja,Air Fryer,1,129.99,Disappointed,Reliability and support were disappointing. I had repeated issues and would not recommend it without improvements. There was no noticeable odor after washing the basket. Customer support took too long to respond.,2025-05-23
R0127,Ninja Foodi Power Blender,Ninja,Blender,5,149.99,Very happy with it,Setup was simple and the results were consistent. I would recommend this product for everyday use. The parts are easy to remove and clean.,2025-08-12
R0128,Hamilton Beach Blender,Hamilton Beach,Blender,4,49.99,Works well with minor flaws,"I like the product, although a few details could be better. Performance is strong overall, but there is one minor issue that could be improved. The container started leaking from the bottom.",2025-04-22
R0129,Ninja Air Fryer Max XL,Ninja,Air Fryer,3,129.99,Useful but has drawbacks,"The product works, but I expected a smoother experience. There are some useful parts, but also a few noticeable frustrations. The basket is bulky for a small kitchen. Customer support took too long to respond. Competitor models offer similar features for less.",2025-08-20
R0130,Instant Vortex Plus,Instant,Air Fryer,4,119.99,Good product overall,"Performance is strong overall, but there is one minor issue that could be improved. I like the product, although a few details could be better. Competitor models offer similar features for less. The removable parts make cleanup simple. Preheating is quick and the results are consistent.",2025-08-13
R0131,Shark Navigator Lift-Away,Shark,Vacuum,5,219.99,Very happy with it,The product performs very well and feels reliable. Setup was simple and the results were consistent. The handle design makes it easy to maneuver. It struggles with larger debris and needs multiple passes.,2025-06-18
R0132,Ninja Foodi Power Blender,Ninja,Blender,5,149.99,Reliable and useful,I would recommend this product for everyday use. Setup was simple and the results were consistent. The blades still feel sharp after repeated use.,2025-06-28
R0133,Ninja Blender Pro,Ninja,Blender,3,99.99,Decent but mixed,"It is decent, but the value depends on what features matter most. The product works, but I expected a smoother experience. It gets loud when crushing ice. The warranty instructions were hard to follow. The controls are simple and easy to understand.",2025-06-29
R0134,Cosori Pro Air Fryer,Cosori,Air Fryer,2,109.99,Expected better,"The product worked well at first, but repeated use exposed some issues. I expected better quality and reliability for the price. Food comes out crispy and evenly cooked.",2025-08-27
R0135,Ninja Blender Pro,Ninja,Blender,3,99.99,Useful but has drawbacks,"It is decent, but the value depends on what features matter most. The product works, but I expected a smoother experience. Customer support took too long to respond.",2025-05-01
R0136,Ninja Specialty Coffee Maker,Ninja,Coffee Maker,5,169.99,Excellent performance,The product performs very well and feels reliable. Setup was simple and the results were consistent. It is a good value for daily coffee drinkers. Customer support took too long to respond.,2025-08-29
R0137,Keurig K-Elite,Keurig,Coffee Maker,4,189.99,Strong performance with one issue,"I like the product, although a few details could be better. Performance is strong overall, but there is one minor issue that could be improved. It makes a loud sound at the end of the cycle. The controls are simple and intuitive.",2025-04-26
R0138,Ninja Specialty Coffee Maker,Ninja,Coffee Maker,1,169.99,Reliability problem,I had repeated issues and would not recommend it without improvements. The product did not meet my expectations after regular use. The coffee strength is consistent across brews.,2025-03-24
R0139,Ninja Foodi Power Blender,Ninja,Blender,1,149.99,Disappointed,Reliability and support were disappointing. I had repeated issues and would not recommend it without improvements. The price is good for the power. The container started leaking from the bottom. The jar is easy to rinse after smoothies.,2025-05-12
R0140,Shark Cordless Detect Pro,Shark,Vacuum,4,349.99,Strong performance with one issue,"Performance is strong overall, but there is one minor issue that could be improved. The product works well and feels useful for daily routines. The features are useful, but the price is hard to justify. Customer support took too long to respond.",2025-06-16
R0141,Ninja Foodi Power Blender,Ninja,Blender,3,149.99,Good but not perfect,"There are some useful parts, but also a few noticeable frustrations. It is decent, but the value depends on what features matter most. Support resolved the issue quickly. The jar is easy to rinse after smoothies.",2025-04-24
R0142,Bissell CleanView Swivel,Bissell,Vacuum,3,129.99,Useful but has drawbacks,"There are some useful parts, but also a few noticeable frustrations. It is decent, but the value depends on what features matter most. It was difficult to get a clear answer about replacement parts. It needs charging more often than expected.",2025-04-06
R0143,Ninja Blender Pro,Ninja,Blender,4,99.99,Works well with minor flaws,"Performance is strong overall, but there is one minor issue that could be improved. The product works well and feels useful for daily routines. The base feels sturdy and well built. The controls are simple and easy to understand. It blends frozen fruit smoothly without stalling.",2025-08-13
R0144,Bissell CleanView Swivel,Bissell,Vacuum,3,129.99,Good but not perfect,"It is decent, but the value depends on what features matter most. The product works, but I expected a smoother experience. Battery performance is strong for small rooms but weak for whole-home cleaning.",2025-03-05
R0145,Cosori Pro Air Fryer,Cosori,Air Fryer,1,109.99,Would not recommend,I had repeated issues and would not recommend it without improvements. The product did not meet my expectations after regular use. The controls are simple and intuitive.,2025-04-24
R0146,Vitamix Explorian,Vitamix,Blender,2,379.99,Expected better,"I expected better quality and reliability for the price. The product has potential, but the experience was inconsistent. The value is strong for daily smoothie use. The lid cracked after a few weeks.",2025-08-07
R0147,Ninja DualZone Air Fryer,Ninja,Air Fryer,5,199.99,Reliable and useful,Setup was simple and the results were consistent. I would recommend this product for everyday use. The presets are useful but not always accurate.,2025-03-25
R0148,Vitamix Explorian,Vitamix,Blender,5,379.99,Reliable and useful,I would recommend this product for everyday use. The product performs very well and feels reliable. It gets loud when crushing ice. The replacement process was smooth. The design fits well on the counter.,2025-02-23
R0149,Vitamix Explorian,Vitamix,Blender,5,379.99,Reliable and useful,Setup was simple and the results were consistent. I would recommend this product for everyday use. Cleanup is simple if washed immediately. Performance is strong for the price.,2025-09-06
R0150,Dyson V8 Cordless Vacuum,Dyson,Vacuum,2,469.99,Expected better,"The product has potential, but the experience was inconsistent. I expected better quality and reliability for the price. The filter is easy to rinse and reinstall. It picks up fine dust well but misses heavier crumbs.",2025-03-05
R0151,Bissell CleanView Swivel,Bissell,Vacuum,3,129.99,Decent but mixed,"The product works, but I expected a smoother experience. There are some useful parts, but also a few noticeable frustrations. The hose connection feels less durable than expected.",2025-02-08
R0152,Shark Cordless Detect Pro,Shark,Vacuum,4,349.99,Good product overall,"I like the product, although a few details could be better. Performance is strong overall, but there is one minor issue that could be improved. The features are useful, but the price is hard to justify.",2025-07-06
R0153,Keurig K-Elite,Keurig,Coffee Maker,1,189.99,Reliability problem,Reliability and support were disappointing. The product did not meet my expectations after regular use. The buttons could be more responsive. Coffee grounds are easy to dispose of. Customer support took too long to respond.,2025-07-09
R0154,Vitamix Explorian,Vitamix,Blender,4,379.99,Strong performance with one issue,"I like the product, although a few details could be better. Performance is strong overall, but there is one minor issue that could be improved. The replacement process was smooth.",2025-06-24
R0155,Shark Cordless Detect Pro,Shark,Vacuum,4,349.99,Works well with minor flaws,"Performance is strong overall, but there is one minor issue that could be improved. I like the product, although a few details could be better. A plastic part cracked after repeated use. The attachments are useful but awkward to store.",2025-01-14
R0156,Ninja Blender Pro,Ninja,Blender,3,99.99,Useful but has drawbacks,"The product works, but I expected a smoother experience. There are some useful parts, but also a few noticeable frustrations. Food gets stuck under the blade assembly. The base feels sturdy and well built. It is louder than expected during blending.",2025-03-03
R0157,Ninja Foodi Power Blender,Ninja,Blender,4,149.99,Strong performance with one issue,"The product works well and feels useful for daily routines. I like the product, although a few details could be better. The lid is secure but hard to remove.",2025-07-19
R0158,Shark Cordless Detect Pro,Shark,Vacuum,2,349.99,Inconsistent experience,"The product has potential, but the experience was inconsistent. I expected better quality and reliability for the price. It was difficult to get a clear answer about replacement parts.",2025-04-08
R0159,Instant Vortex Plus,Instant,Air Fryer,3,119.99,Useful but has drawbacks,"The product works, but I expected a smoother experience. It is decent, but the value depends on what features matter most. The fan is louder than expected. It was difficult to find replacement accessories. I expected better quality at this price.",2025-02-12
R0160,Cosori Pro Air Fryer,Cosori,Air Fryer,4,109.99,Good product overall,"I like the product, although a few details could be better. The product works well and feels useful for daily routines. The basket handle feels less sturdy than expected. Competitor models offer similar features for less. Preheating is quick and the results are consistent.",2025-04-22
R0161,Vitamix Explorian,Vitamix,Blender,5,379.99,Reliable and useful,The product performs very well and feels reliable. I would recommend this product for everyday use. The design fits well on the counter.,2025-07-10
R0162,Ninja Specialty Coffee Maker,Ninja,Coffee Maker,4,169.99,Works well with minor flaws,"I like the product, although a few details could be better. Performance is strong overall, but there is one minor issue that could be improved. The controls are simple and intuitive. Customer support took too long to respond.",2025-05-09
R0163,Keurig K-Elite,Keurig,Coffee Maker,1,189.99,Disappointed,The product did not meet my expectations after regular use. Reliability and support were disappointing. The price feels high for the feature set. The machine takes up more counter space than expected. Temperature consistency could be better.,2025-06-01
R0164,Ninja Foodi Power Blender,Ninja,Blender,5,149.99,Excellent performance,The product performs very well and feels reliable. Setup was simple and the results were consistent. It is louder than expected during blending. The value is strong for daily smoothie use.,2025-06-08
R0165,Ninja Blender Pro,Ninja,Blender,4,99.99,Strong performance with one issue,"The product works well and feels useful for daily routines. Performance is strong overall, but there is one minor issue that could be improved. The jar is heavy when full. Noise is acceptable for a high-power blender.",2025-04-28
R0166,Ninja Foodi Power Blender,Ninja,Blender,3,149.99,Good but not perfect,"It is decent, but the value depends on what features matter most. The product works, but I expected a smoother experience. The controls are simple and easy to understand. I expected better durability at this price.",2025-03-05
R0167,Bissell CleanView Swivel,Bissell,Vacuum,5,129.99,Very happy with it,Setup was simple and the results were consistent. I would recommend this product for everyday use. It was difficult to get a clear answer about replacement parts. Battery life is shorter than advertised in boost mode.,2025-06-18
R0168,Ninja Specialty Coffee Maker,Ninja,Coffee Maker,4,169.99,Works well with minor flaws,"I like the product, although a few details could be better. The product works well and feels useful for daily routines. Customer support took too long to respond.",2025-05-23
R0169,Ninja Blender Pro,Ninja,Blender,4,99.99,Good product overall,"The product works well and feels useful for daily routines. I like the product, although a few details could be better. The jar is easy to rinse after smoothies. Customer support took too long to respond.",2025-01-17
R0170,Vitamix Explorian,Vitamix,Blender,1,379.99,Would not recommend,The product did not meet my expectations after regular use. Reliability and support were disappointing. The replacement process was smooth. I expected better durability at this price.,2025-07-19
R0171,Hamilton Beach Blender,Hamilton Beach,Blender,4,49.99,Works well with minor flaws,"Performance is strong overall, but there is one minor issue that could be improved. I like the product, although a few details could be better. It struggles with ice unless extra liquid is added. It is louder than expected during blending.",2025-05-06
R0172,Shark Navigator Lift-Away,Shark,Vacuum,4,219.99,Strong performance with one issue,"I like the product, although a few details could be better. Performance is strong overall, but there is one minor issue that could be improved. The hose connection feels less durable than expected. Support handled the replacement quickly.",2025-01-15
R0173,Bissell CleanView Swivel,Bissell,Vacuum,5,129.99,Reliable and useful,The product performs very well and feels reliable. I would recommend this product for everyday use. The dust bin is annoying to empty.,2025-02-12
R0174,Hamilton Beach Blender,Hamilton Beach,Blender,3,49.99,Good but not perfect,"There are some useful parts, but also a few noticeable frustrations. It is decent, but the value depends on what features matter most. It gets loud when crushing ice.",2025-07-27
R0175,Ninja Air Fryer Max XL,Ninja,Air Fryer,3,129.99,Decent but mixed,"It is decent, but the value depends on what features matter most. There are some useful parts, but also a few noticeable frustrations. The price feels reasonable for the capacity. There was no noticeable odor after washing the basket.",2025-07-23
R0176,Ninja Air Fryer Max XL,Ninja,Air Fryer,3,129.99,Useful but has drawbacks,"It is decent, but the value depends on what features matter most. The product works, but I expected a smoother experience. The unit feels solid and reliable.",2025-01-07
R0177,Bissell CleanView Swivel,Bissell,Vacuum,3,129.99,Useful but has drawbacks,"The product works, but I expected a smoother experience. There are some useful parts, but also a few noticeable frustrations. The handle design makes it easy to maneuver.",2025-07-08
R0178,Hamilton Beach Blender,Hamilton Beach,Blender,4,49.99,Works well with minor flaws,"The product works well and feels useful for daily routines. Performance is strong overall, but there is one minor issue that could be improved. The design fits well on the counter. Cleanup is simple if washed immediately. It is louder than expected during blending.",2025-06-27
R0179,Ninja Foodi Power Blender,Ninja,Blender,2,149.99,Inconsistent experience,"The product has potential, but the experience was inconsistent. I expected better quality and reliability for the price. The motor is powerful for smoothies and sauces. The blades still feel sharp after repeated use.",2025-04-15
R0180,Ninja Specialty Coffee Maker,Ninja,Coffee Maker,5,169.99,Very happy with it,Setup was simple and the results were consistent. The product performs very well and feels reliable. Performance declined after a few months. The coffee tastes weak on the default setting.,2025-08-04
